<?xml version="1.0" encoding="UTF-8" ?>
<!DOCTYPE mapper
        PUBLIC "-//mybatis.org//DTD Mapper 3.0//EN"
        "http://mybatis.org/dtd/mybatis-3-mapper.dtd">
<mapper namespace="com.ssafy.happyhouse.dao.QnADAO">

	<!-- QnA 전체 조회 -->
	<select id="selectQnA" resultType="qna">
		select *
		 from qna_board
		 order by qna_no desc
	</select>
	
	<!-- 게시글 상세 조회 -->
	<select id="selectQnAByNo" resultType="qna">
		select *
		 from qna_board
		 where qna_no = #{qna_no}
	</select>

	<!-- 게시글 등록 -->
	<insert id="insertQnA" parameterType="qna">
		insert into qna_board(
			qna_title, qna_content, qna_userid
		) values (
			#{qna_title}, #{qna_content}, #{qna_userid}
		)
	</insert>
	
	<!-- 게시글 수정 -->
	<update id="updateQnA" parameterType="qna">
		update qna_board 
		   set qna_title = #{qna_title}, 
		   	   qna_content = #{qna_content}, 
		   	   qna_userid = #{qna_userid}
		 where qna_no = #{qna_no}
	</update>

	<!-- 게시글 삭제 -->
	<delete id="deleteQnA" parameterType="int">
		delete 
		  from qna_board 
		 where qna_no = #{qna_no}
	</delete>

</mapper>
